{
  "LDA": {
    "model_name": "LDA (Baseline)",
    "n_topics": 68,
    "outlier_rate": 0.0,
    "silhouette": 0.027881890535354614,
    "cohesion": 0.7345815458718468,
    "separation": 0.3356107175350189
  },
  "Phase2_BERTopic": {
    "model_name": "Initial BERTopic (Phase 2)",
    "n_topics": 68,
    "outlier_rate": 0.16524947858174233,
    "silhouette": 0.07708462327718735,
    "cohesion": 0.772103934603579,
    "separation": 0.40636885166168213
  },
  "Phase3_Optimized": {
    "model_name": "Optimized BERTopic (Phase 3)",
    "n_topics": 65,
    "outlier_rate": 0.16524947858174233,
    "silhouette": 0.07049090415239334,
    "cohesion": 0.7705560711713938,
    "separation": 0.40360569953918457
  }
}